slug,en,de,fr,it
accel-club,E-commerce brand aggregator acquiring and scaling Amazon marketplace businesses,E-Commerce-Markenaggregator für den Erwerb und die Skalierung von Amazon-Marktplatzgeschäften,Agrégateur de marques e-commerce acquérant et développant des activités sur la marketplace Amazon,Aggregatore di marchi e-commerce che acquisisce e sviluppa attività sul marketplace Amazon
accenture,"Accenture is a global professional services company specializing in strategy, consulting, technology, and operations services.","Accenture ist ein globales Unternehmen für professionelle Dienstleistungen, das sich auf Strategie, Beratung, Technologie und operative Prozesse spezialisiert hat.","Accenture est une entreprise mondiale de services professionnels spécialisée dans la stratégie, le conseil, la technologie et les services opérationnels.","Accenture è un'azienda globale di servizi professionali specializzata in strategia, consulenza, tecnologia e servizi operativi."
acronis,"Cyber protection platform combining backup, disaster recovery, and endpoint security","Cyberprotection-Plattform für Backup, Disaster Recovery und Endpunktsicherheit","Plateforme de cyberprotection combinant sauvegarde, reprise après sinistre et sécurité des terminaux","Piattaforma di cyberprotezione che combina backup, disaster recovery e sicurezza degli endpoint"
adobe,"Creative software and digital experience company behind Photoshop, Acrobat, and Experience Cloud, empowering creators and businesses worldwide.","Unternehmen für Kreativsoftware und digitale Erlebnisse, bekannt für Photoshop, Acrobat und Experience Cloud, das Kreative und Unternehmen weltweit unterstützt.","Entreprise de logiciels créatifs et d expériences numériques, connue pour Photoshop, Acrobat et Experience Cloud, au service des créateurs et des entreprises du monde entier.","Azienda di software creativo ed esperienze digitali, nota per Photoshop, Acrobat ed Experience Cloud, al servizio di creativi e imprese in tutto il mondo."
adyen,Global payments platform enabling businesses to accept payments across channels and markets.,"Globale Zahlungsplattform, die Unternehmen Zahlungsabwicklung über alle Kanäle und Märkte ermöglicht.",Plateforme de paiement mondiale permettant aux entreprises d’accepter des paiements sur tous les canaux et marchés.,Piattaforma di pagamento globale che consente alle aziende di accettare pagamenti su tutti i canali e mercati.
aiphoria,"Aiphoria develops an AI platform that enables virtual employees for medium and large enterprises, leveraging conversational AI, large language models, and natural language processing.","Aiphoria entwickelt eine KI-Plattform, die virtuelle Mitarbeitende für mittlere und grosse Unternehmen ermöglicht, basierend auf konversationeller KI, grossen Sprachmodellen und natürlicher Sprachverarbeitung.","Aiphoria développe une plateforme d'IA qui permet de créer des employés virtuels pour les moyennes et grandes entreprises, en s'appuyant sur l'IA conversationnelle, les grands modèles de langage et le traitement du langage naturel.","Aiphoria sviluppa una piattaforma di intelligenza artificiale che consente la creazione di dipendenti virtuali per medie e grandi imprese, sfruttando l'IA conversazionale, i grandi modelli linguistici e l'elaborazione del linguaggio naturale."
alpian,"Alpian is Switzerland's first digital private bank, offering banking, saving, investing, and retirement planning services through a mobile app.","Alpian ist die erste digitale Privatbank der Schweiz und bietet Bank-, Spar-, Anlage- und Vorsorgedienste über eine mobile App an.","Alpian est la première banque privée numérique de Suisse, proposant des services bancaires, d'épargne, d'investissement et de prévoyance via une application mobile.","Alpian è la prima banca privata digitale della Svizzera, che offre servizi bancari, di risparmio, di investimento e di previdenza tramite un'app mobile."
amazon,"Global technology company offering e-commerce, cloud computing, and AI services","Globales Technologieunternehmen für E-Commerce, Cloud Computing und KI-Dienste","Entreprise technologique mondiale proposant e-commerce, cloud computing et services d'IA","Azienda tecnologica globale che offre e-commerce, cloud computing e servizi di IA"
ami,"AMI is an AI research company building frontier world model-based artificial intelligence. The company develops AI systems that understand the real world, have persistent memory, and can reason and plan, combining scientific rigor with engineering excellence.","AMI ist ein KI-Forschungsunternehmen, das an fortschrittlicher, auf Weltmodellen basierender künstlicher Intelligenz arbeitet. Das Unternehmen entwickelt KI-Systeme, die die reale Welt verstehen, über persistenten Speicher verfügen und planen können – mit wissenschaftlicher Präzision und technischer Exzellenz.","AMI est un laboratoire de recherche en IA qui développe des systèmes d’intelligence artificielle fondés sur des modèles du monde. L’entreprise conçoit des systèmes capables de comprendre le monde réel, de mémoriser et de raisonner, en alliant rigueur scientifique et excellence technique.","AMI è un laboratorio di ricerca nel campo dell’intelligenza artificiale che sviluppa sistemi di IA basati su modelli del mondo. L’azienda progetta sistemi in grado di comprendere il mondo reale, memorizzare e pianificare, unendo rigore scientifico ed eccellenza ingegneristica."
anthropic,"AI safety company building reliable, interpretable, and steerable artificial intelligence systems.","KI-Sicherheitsunternehmen, das zuverlässige, interpretierbare und steuerbare Systeme künstlicher Intelligenz entwickelt.","Entreprise de sécurité de l'IA développant des systèmes d'intelligence artificielle fiables, interprétables et contrôlables.","Azienda di sicurezza dell'IA che sviluppa sistemi di intelligenza artificiale affidabili, interpretabili e controllabili."
anybotics,Swiss robotics company building autonomous legged robots for industrial inspection and maintenance,"Schweizer Robotikunternehmen, das autonome Laufroboter fuer industrielle Inspektion und Wartung entwickelt",Entreprise suisse de robotique developpant des robots autonomes a pattes pour inspection et maintenance industrielles,Azienda svizzera di robotica che sviluppa robot autonomi a zampe per ispezione e manutenzione industriale
apheros,Swiss deep-tech startup developing high-performance metal foam cooling solutions for data centers and high-power computing applications.,"Schweizer Deep-Tech-Startup, das Hochleistungs-Metallschaum-Kühllösungen für Rechenzentren und Hochleistungsrechner entwickelt.",Startup deep-tech suisse développant des solutions de refroidissement en mousse métallique haute performance pour les centres de données et le calcul haute puissance.,Startup deep-tech svizzera che sviluppa soluzioni di raffreddamento in schiuma metallica ad alte prestazioni per data center e applicazioni di calcolo ad alta potenza.
apify,"Cloud platform for web scraping, browser automation, and data extraction","Cloud-Plattform für Web Scraping, Browser-Automatisierung und Datenextraktion","Plateforme cloud pour le web scraping, l'automatisation de navigateur et l'extraction de données","Piattaforma cloud per web scraping, automazione del browser ed estrazione dati"
apple,"Consumer electronics, software, and services company","Unternehmen für Unterhaltungselektronik, Software und Dienstleistungen","Entreprise d'électronique grand public, de logiciels et de services","Azienda di elettronica di consumo, software e servizi"
bain-and-company,"Bain & Company is a top management consulting firm. We advise leaders on strategy, marketing, organization, operations, IT and M&A, across all industries and geographies.","Bain & Company ist eine der weltweit führenden Unternehmensberatungen, die Führungskräfte in den Bereichen Strategie, Marketing, Organisation, Betrieb, Technologie und Fusionen und Übernahmen berät.","Bain & Company est l'un des plus grands cabinets de conseil en management au monde, conseillant les dirigeants sur la stratégie, le marketing, l'organisation, les opérations, la technologie ainsi que les fusions et acquisitions.","Bain & Company è una delle principali società di consulenza manageriale al mondo, che assiste i dirigenti in materia di strategia, marketing, organizzazione, operazioni, tecnologia e fusioni e acquisizioni."
bcv,"Banque Cantonale Vaudoise (BCV) is a leading Swiss cantonal bank based in Lausanne, offering retail banking, private banking, asset management, and corporate finance services since 1845.","Die Banque Cantonale Vaudoise (BCV) ist eine führende Schweizer Kantonalbank mit Sitz in Lausanne, die seit 1845 Retail Banking, Private Banking, Vermögensverwaltung und Unternehmensfinanzierung anbietet.","La Banque Cantonale Vaudoise (BCV) est une banque cantonale suisse de premier plan basée à Lausanne, offrant des services de banque de détail, de banque privée, de gestion d'actifs et de financement d'entreprise depuis 1845.","La Banque Cantonale Vaudoise (BCV) è una banca cantonale svizzera di primo piano con sede a Losanna, che offre servizi di banca al dettaglio, private banking, gestione patrimoniale e finanza aziendale dal 1845."
black-forest-labs,Black Forest Labs is an AI company building advanced generative image and video models and the infrastructure around them.,"Black Forest Labs ist ein KI-Unternehmen, das fortschrittliche generative Bild- und Videomodelle sowie die dazugehoerige Infrastruktur entwickelt.",Black Forest Labs est une entreprise d'IA qui developpe des modeles generatifs avances pour l'image et la video ainsi que l'infrastructure associee.,Black Forest Labs e un'azienda di IA che sviluppa modelli generativi avanzati per immagini e video e la relativa infrastruttura.
bloom-diy,No-code platform for building and sharing cross-platform mobile apps,No-Code-Plattform zum Erstellen und Teilen plattformübergreifender mobiler Apps,Plateforme no-code pour créer et partager des applications mobiles multiplateformes,Piattaforma no-code per creare e condividere app mobili multipiattaforma
brainrocket,Technology company building products for fintech and iGaming industries,Technologieunternehmen mit Produkten für die Fintech- und iGaming-Branche,Entreprise technologique développant des produits pour les secteurs fintech et iGaming,Azienda tecnologica che sviluppa prodotti per i settori fintech e iGaming
caffeine-ai,AI-powered platform that enables developers to build applications and websites through conversational interfaces on an open technology stack.,"KI-gesteuerte Plattform, mit der Entwickler Anwendungen und Websites mithilfe von Konversationsschnittstellen auf einem offenen Technologie-Stack erstellen.",Plateforme IA permettant aux developpeurs de creer des applications et sites web via des interfaces conversationnelles sur une pile technologique ouverte.,Piattaforma basata su IA che consente agli sviluppatori di creare applicazioni e siti web tramite interfacce conversazionali su uno stack tecnologico aperto.
cd-projekt-red,"As the team behind The Witcher 4, Cyberpunk 2077, and The Witcher 3: Wild Hunt, we create revolutionary RPGs with memorable stories that inspire gamers.","Als Team hinter The Witcher 4, Cyberpunk 2077 und The Witcher 3: Wild Hunt entwickeln wir revolutionäre RPGs mit unvergesslichen Geschichten, die Gamer begeistern.","En tant qu'équipe derrière The Witcher 4, Cyberpunk 2077 et The Witcher 3: Wild Hunt, nous créons des RPG révolutionnaires aux histoires mémorables qui inspirent les joueurs.","Come team dietro The Witcher 4, Cyberpunk 2077 e The Witcher 3: Wild Hunt, creiamo RPG rivoluzionari con storie memorabili che ispirano i giocatori."
checkout-com,"Checkout.com is a global payment processing platform that enables businesses to accept payments online, in-app, and in-person.","Checkout.com ist eine globale Zahlungsplattform, die es Unternehmen ermöglicht, Zahlungen online, in Apps und vor Ort zu akzeptieren.","Checkout.com est une plateforme mondiale de traitement des paiements qui permet aux entreprises d'accepter des paiements en ligne, dans les applications et en personne.","Checkout.com è una piattaforma globale di elaborazione dei pagamenti che consente alle aziende di accettare pagamenti online, nelle app e di persona."
chipmind,AI-powered tools for semiconductor chip design and verification,KI-gestützte Werkzeuge für Halbleiter-Chipdesign und -verifikation,Outils basés sur l'IA pour la conception et la vérification de puces semi-conductrices,Strumenti basati sull'IA per la progettazione e la verifica di chip semiconduttori
cisco,"Cisco designs and sells networking equipment, cybersecurity solutions, and enterprise IT infrastructure used by organizations worldwide.","Cisco entwickelt und vertreibt Netzwerktechnik, Cybersicherheitslösungen und IT-Infrastruktur für Unternehmen weltweit.","Cisco conçoit et commercialise des équipements réseau, des solutions de cybersécurité et des infrastructures informatiques pour les entreprises du monde entier.","Cisco progetta e commercializza apparecchiature di rete, soluzioni di cybersicurezza e infrastrutture IT aziendali utilizzate da organizzazioni in tutto il mondo."
cloudflare,"Web infrastructure and security company providing CDN, DDoS protection, and edge computing","Webinfrastruktur- und Sicherheitsunternehmen für CDN, DDoS-Schutz und Edge Computing","Entreprise d'infrastructure web et de sécurité fournissant CDN, protection DDoS et edge computing","Azienda di infrastruttura web e sicurezza che fornisce CDN, protezione DDoS ed edge computing"
cohere,"Cohere builds enterprise AI models and tools for natural language understanding, generation, and search, enabling businesses to integrate advanced language capabilities into their products.","Cohere entwickelt KI-Modelle und Werkzeuge fur Unternehmen, die naturliches Sprachverstandnis, Textgenerierung und semantische Suche ermoglichen.","Cohere concoit des modeles d IA et des outils pour les entreprises, permettant la comprehension du langage naturel, la generation de texte et la recherche semantique.","Cohere sviluppa modelli di IA e strumenti per le aziende, abilitando la comprensione del linguaggio naturale, la generazione di testo e la ricerca semantica."
comparis,"Swiss online comparison platform helping consumers find the best deals on insurance, health insurance, telecommunications, finance, and real estate.","Schweizer Online-Vergleichsplattform, die Konsumenten hilft, die besten Angebote bei Versicherungen, Krankenkassen, Telekommunikation, Finanzen und Immobilien zu finden.","Plateforme suisse de comparaison en ligne aidant les consommateurs a trouver les meilleures offres en assurances, caisses maladie, telecommunications, finances et immobilier.","Piattaforma svizzera di confronto online che aiuta i consumatori a trovare le migliori offerte in assicurazioni, casse malati, telecomunicazioni, finanza e immobiliare."
constructor-tech,AI-powered product discovery and search platform for e-commerce,KI-gestützte Produktentdeckungs- und Suchplattform für E-Commerce,Plateforme de découverte de produits et de recherche basée sur l'IA pour le e-commerce,Piattaforma di ricerca e scoperta prodotti basata sull'IA per l'e-commerce
corintis,Microfluidic cooling technology for high-performance computer chips,Mikrofluidische Kühltechnologie für Hochleistungs-Computerchips,Technologie de refroidissement microfluidique pour puces informatiques hautes performances,Tecnologia di raffreddamento microfluidico per chip ad alte prestazioni
cradle,"Cradle is an AI platform for protein engineering that helps biotech and pharma teams design improved protein candidates faster, accelerating the development of new biologics and therapeutics.","Cradle ist eine KI-Plattform fuer Protein-Engineering, die Biotech- und Pharmateams dabei hilft, verbesserte Proteinkandidaten schneller zu entwerfen und die Entwicklung neuer Biologika und Therapeutika zu beschleunigen.","Cradle est une plateforme IA pour le genie des proteines qui aide les equipes biotech et pharma a concevoir des candidats proteiques ameliores plus rapidement, accelerant le developpement de nouveaux biologiques et therapeutiques.","Cradle e una piattaforma IA per l ingegneria delle proteine che aiuta i team biotech e farmaceutici a progettare candidati proteici migliorati piu rapidamente, accelerando lo sviluppo di nuovi biologici e terapeutici."
daedalean,Swiss company developing AI-based visual perception systems for autonomous flight and aviation safety,"Schweizer Unternehmen, das KI-basierte visuelle Wahrnehmungssysteme fuer autonomes Fliegen und Flugsicherheit entwickelt",Entreprise suisse developpant des systemes de perception visuelle par IA pour le vol autonome et la securite aerienne,Azienda svizzera che sviluppa sistemi di percezione visiva basati su IA per il volo autonomo e la sicurezza aerea
databricks,Unified data analytics and AI platform built on Apache Spark,Einheitliche Datenanalyse- und KI-Plattform auf Basis von Apache Spark,Plateforme unifiée d'analyse de données et d'IA basée sur Apache Spark,Piattaforma unificata di analisi dati e IA basata su Apache Spark
deepjudge,AI-powered search engine for legal professionals and enterprises,KI-gestützte Suchmaschine für Juristen und Unternehmen,Moteur de recherche basé sur l'IA pour les professionnels du droit et les entreprises,Motore di ricerca basato sull'IA per professionisti legali e aziende
deepmind,AI research laboratory focused on developing artificial general intelligence,KI-Forschungslabor mit Fokus auf die Entwicklung künstlicher allgemeiner Intelligenz,Laboratoire de recherche en IA axé sur le développement de l'intelligence artificielle générale,Laboratorio di ricerca sull'IA focalizzato sullo sviluppo dell'intelligenza artificiale generale
deepsense-ai,"deepsense.ai is an AI consulting and software development company that builds custom AI-powered solutions, specializing in machine learning, computer vision, and natural language processing.","deepsense.ai ist ein KI-Beratungs- und Softwareentwicklungsunternehmen, das massgeschneiderte KI-gestützte Lösungen entwickelt und sich auf maschinelles Lernen, Computer Vision und natürliche Sprachverarbeitung spezialisiert.","deepsense.ai est une société de conseil et de développement logiciel en IA qui crée des solutions personnalisées basées sur l'intelligence artificielle, spécialisée dans l'apprentissage automatique, la vision par ordinateur et le traitement du langage naturel.","deepsense.ai è una società di consulenza e sviluppo software nel campo dell'intelligenza artificiale che realizza soluzioni personalizzate basate sull'IA, specializzata in apprendimento automatico, visione artificiale ed elaborazione del linguaggio naturale."
deloitte,"Industry insights and audit, consulting, financial advisory, risk management and tax services from Deloitte's global network of member firms.","Deloitte ist ein weltweit führendes Unternehmen für Wirtschaftsprüfung, Beratung, Finanzberatung, Risikomanagement und Steuerdienstleistungen.","Deloitte est un leader mondial des services d'audit, de conseil, de conseil financier, de gestion des risques et de fiscalité.","Deloitte è un leader globale nei servizi di revisione, consulenza, consulenza finanziaria, gestione del rischio e fiscalità."
depoly,Swiss chemical recycling startup that converts PET plastic waste back into its original raw materials using a novel patented depolymerization process.,"Schweizer Chemie-Recycling-Startup, das PET-Kunststoffabfall mithilfe eines neuartigen patentierten Depolymerisierungsverfahrens in seine urspruenglichen Rohstoffe zurueckverwandelt.",Startup suisse de recyclage chimique qui reconvertit les dechets plastiques PET en matieres premieres grace a un procede brevete de depolymerisation.,Startup svizzera di riciclaggio chimico che riconverte i rifiuti plastici in PET nelle materie prime originali tramite un processo brevettato di depolimerizzazione.
disney,"Global entertainment and media conglomerate operating theme parks, film studios, and streaming services","Globaler Unterhaltungs- und Medienkonzern mit Freizeitparks, Filmstudios und Streaming-Diensten","Conglomérat mondial du divertissement et des médias exploitant des parcs à thèmes, des studios de cinéma et des services de streaming","Conglomerato globale dell'intrattenimento e dei media con parchi tematici, studi cinematografici e servizi di streaming"
dphi-space,Satellite infrastructure company providing on-orbit computing and hosted payloads,Satelliteninfrastrukturunternehmen für On-Orbit-Computing und gehostete Nutzlasten,Entreprise d'infrastructure satellitaire fournissant du calcul en orbite et des charges utiles hébergées,Azienda di infrastruttura satellitare che fornisce calcolo in orbita e carichi utili ospitati
efg-international,"EFG International is a swiss private bank offering private banking, asset management, and other financial services at 40 locations worldwide.","EFG International ist eine Schweizer Privatbank, die Private Banking, Vermögensverwaltung und weitere Finanzdienstleistungen für vermögende Privatkunden weltweit anbietet.","EFG International est une banque privée suisse offrant des services de banque privée, de gestion d'actifs et d'autres services financiers à une clientèle fortunée dans le monde entier.","EFG International è una banca privata svizzera che offre servizi di private banking, gestione patrimoniale e altri servizi finanziari a clienti facoltosi in tutto il mondo."
elevenlabs,Voice AI research and deployment company for speech synthesis and cloning,Voice-KI-Forschungs- und Bereitstellungsunternehmen für Sprachsynthese und Stimmklonen,Entreprise de recherche et déploiement d'IA vocale pour la synthèse et le clonage vocal,Azienda di ricerca e distribuzione di IA vocale per la sintesi e la clonazione vocale
esri,Geographic information system software and location intelligence platform for mapping and spatial analytics.,Software und Plattform für Geoinformationssysteme und Standortintelligenz zur Kartierung und räumlichen Analyse.,Logiciel de système d'information géographique et plateforme d'intelligence spatiale pour la cartographie et l'analyse spatiale.,Software per sistemi informativi geografici e piattaforma di intelligence spaziale per la mappatura e l'analisi territoriale.
ethon-ai,Industrial AI platform for manufacturing quality optimization,Industrielle KI-Plattform zur Optimierung der Fertigungsqualität,Plateforme d'IA industrielle pour l'optimisation de la qualité de fabrication,Piattaforma di IA industriale per l'ottimizzazione della qualità produttiva
exa-ai,AI-powered web search API for developers and AI applications,KI-gestützte Websuch-API für Entwickler und KI-Anwendungen,API de recherche web basée sur l'IA pour les développeurs et les applications d'IA,API di ricerca web basata sull'IA per sviluppatori e applicazioni di IA
expedia-group,"Online travel platform operating booking and travel planning services including Expedia, Hotels.com, and Vrbo","Online-Reiseplattform mit Buchungs- und Reiseplanungsdiensten wie Expedia, Hotels.com und Vrbo","Plateforme de voyage en ligne proposant des services de réservation et de planification via Expedia, Hotels.com et Vrbo","Piattaforma di viaggio online con servizi di prenotazione e pianificazione tramite Expedia, Hotels.com e Vrbo"
figma,Collaborative design platform for product teams,Kollaborative Designplattform für Produktteams,Plateforme de design collaboratif pour les équipes produit,Piattaforma di design collaborativo per team di prodotto
flexion-robotics,"Flexion Robotics is a Zurich-based startup building autonomous software for humanoid robots, from manipulation and locomotion to command and control.","Flexion Robotics ist ein Zürcher Startup, das autonome Software für humanoide Roboter entwickelt – von Manipulation und Fortbewegung bis hin zu Steuerung und Kontrolle.","Flexion Robotics est une startup zurichoise qui développe des logiciels autonomes pour robots humanoïdes, de la manipulation et la locomotion au commandement et au contrôle.","Flexion Robotics è una startup di Zurigo che sviluppa software autonomo per robot umanoidi, dalla manipolazione e locomozione al comando e controllo."
flycatcher,Swiss deep-tech startup developing edge-AI solutions for automated visual inspection and anomaly detection in industrial and logistics environments.,"Schweizer Deep-Tech-Startup, das Edge-AI-Lösungen für automatisierte visuelle Inspektion und Anomalieerkennung in Industrie- und Logistikumgebungen entwickelt.",Startup deep-tech suisse développant des solutions d'IA embarquée pour l'inspection visuelle automatisée et la détection d'anomalies dans les environnements industriels et logistiques.,Startup deep-tech svizzera che sviluppa soluzioni di intelligenza artificiale edge per l'ispezione visiva automatizzata e il rilevamento di anomalie in ambienti industriali e logistici.
galaxus,"Galaxus is Switzerland's largest online retailer, offering a wide range of products from electronics to household goods.",Galaxus ist der grösste Onlinehändler der Schweiz und bietet ein breites Sortiment von Elektronik bis hin zu Haushaltswaren.,"Galaxus est le plus grand détaillant en ligne de Suisse, proposant une large gamme de produits allant de l'électronique aux articles ménagers.","Galaxus è il più grande rivenditore online della Svizzera e offre un'ampia gamma di prodotti, dall'elettronica agli articoli per la casa."
genestack,"Genestack provides bioinformatics software solutions for life science R&D, helping pharmaceutical and research organizations manage, integrate, and analyze multi-omics data to accelerate drug discovery and precision medicine.","Genestack bietet Bioinformatik-Softwarelösungen für die Life-Science-Forschung und hilft Pharma- und Forschungsorganisationen, Multi-Omics-Daten zu verwalten, zu integrieren und zu analysieren, um die Arzneimittelentwicklung und Präzisionsmedizin zu beschleunigen.","Genestack fournit des solutions logicielles en bioinformatique pour la R&D en sciences de la vie, aidant les organisations pharmaceutiques et de recherche à gérer, intégrer et analyser des données multi-omiques pour accélérer la découverte de médicaments et la médecine de précision.","Genestack fornisce soluzioni software di bioinformatica per la ricerca e sviluppo nelle scienze della vita, aiutando le organizzazioni farmaceutiche e di ricerca a gestire, integrare e analizzare dati multi-omici per accelerare la scoperta di farmaci e la medicina di precisione."
genpeach-ai,"Genpeach AI develops foundation models for human-centric image and video generation, enabling maximum creative control with minimal censorship.",Genpeach AI entwickelt Grundlagenmodelle fuer menschenzentrierte Bild- und Videogenerierung mit maximaler kreativer Kontrolle und minimaler Zensur.,"Genpeach AI developpe des modeles fondamentaux pour la generation d'images et de videos centree sur l'humain, offrant un controle creatif maximal avec une censure minimale.","Genpeach AI sviluppa modelli fondazionali per la generazione di immagini e video incentrata sulle persone, garantendo massimo controllo creativo e censura minima."
glovo,"On-demand delivery platform for food, groceries, and everyday essentials","On-Demand-Lieferplattform für Essen, Lebensmittel und Alltagsprodukte","Plateforme de livraison à la demande pour repas, courses et produits du quotidien","Piattaforma di consegna on-demand per cibo, spesa e prodotti di uso quotidiano"
google,"Technology company specializing in search, advertising, cloud computing, and AI","Technologieunternehmen spezialisiert auf Suche, Werbung, Cloud Computing und KI","Entreprise technologique spécialisée dans la recherche, la publicité, le cloud computing et l'IA","Azienda tecnologica specializzata in ricerca, pubblicità, cloud computing e IA"
huawei,"Huawei is a global leader in information and communications technology, providing telecommunications equipment, consumer electronics, and cloud computing services.","Huawei ist ein weltweit führender Anbieter von Informations- und Kommunikationstechnologie und bietet Telekommunikationsausrüstung, Unterhaltungselektronik und Cloud-Computing-Dienste an.","Huawei est un leader mondial des technologies de l'information et de la communication, fournissant des équipements de télécommunications, de l'électronique grand public et des services de cloud computing.","Huawei è un leader globale nelle tecnologie dell'informazione e della comunicazione, che fornisce apparecchiature per telecomunicazioni, elettronica di consumo e servizi di cloud computing."
huggingface,We’re on a journey to advance and democratize artificial intelligence through open source and open science.,"Hugging Face ist eine KI-Plattform, die Open-Source-Tools und -Modelle für maschinelles Lernen entwickelt und eine kollaborative Community für KI-Forschung und -Entwicklung bietet.",Hugging Face est une plateforme d'IA qui développe des outils et modèles open source pour l'apprentissage automatique et offre une communauté collaborative pour la recherche et le développement en intelligence artificielle.,Hugging Face è una piattaforma di intelligenza artificiale che sviluppa strumenti e modelli open source per il machine learning e offre una comunità collaborativa per la ricerca e lo sviluppo dell'IA.
hypermasters,Mobile game development studio,Entwicklungsstudio für mobile Spiele,Studio de développement de jeux mobiles,Studio di sviluppo di giochi per dispositivi mobili
hyperskill,Hyperskill is an educational platform for learning programming and software development through project-based courses.,Hyperskill ist eine Bildungsplattform zum Erlernen von Programmierung und Softwareentwicklung durch projektbasierte Kurse.,Hyperskill est une plateforme éducative pour apprendre la programmation et le développement logiciel à travers des cours basés sur des projets.,Hyperskill è una piattaforma educativa per imparare la programmazione e lo sviluppo software attraverso corsi basati su progetti.
iata,"The International Air Transport Association (IATA) represents and serves airlines with advocacy and global standards for safety, security, efficiency, and sustainability.","Die International Air Transport Association (IATA) ist der weltweite Branchenverband der Fluggesellschaften und setzt sich für sichere, effiziente und nachhaltige Luftfahrt ein.","L'Association internationale du transport aérien (IATA) est l'organisation mondiale des compagnies aériennes, engagée pour une aviation sûre, efficace et durable.","L'Associazione internazionale del trasporto aereo (IATA) è l'organizzazione mondiale delle compagnie aeree, impegnata per un'aviazione sicura, efficiente e sostenibile."
incode,AI-powered identity verification and fraud prevention platform,KI-gestützte Plattform zur Identitätsverifizierung und Betrugsprävention,Plateforme de vérification d'identité et de prévention de la fraude basée sur l'IA,Piattaforma di verifica dell'identità e prevenzione frodi basata sull'IA
infosys,"Infosys is a global leader in next-generation digital services and consulting, helping clients in over 50 countries navigate their digital transformation.",Infosys ist ein weltweit führender Anbieter von digitalen Dienstleistungen und Beratung der nächsten Generation und unterstützt Kunden in über 50 Ländern bei ihrer digitalen Transformation.,"Infosys est un leader mondial des services numériques et du conseil de nouvelle génération, accompagnant ses clients dans plus de 50 pays dans leur transformation digitale.","Infosys è un leader globale nei servizi digitali e nella consulenza di nuova generazione, supportando i clienti in oltre 50 paesi nella loro trasformazione digitale."
instories,Mobile app for creating animated stories and social media content,Mobile App zur Erstellung animierter Stories und Social-Media-Inhalte,Application mobile pour créer des stories animées et du contenu pour les réseaux sociaux,App mobile per creare storie animate e contenuti per i social media
intrinsic,"Develops industrial robotics software to make robots easier to program, an Alphabet company spun out of Google X.","Entwickelt Software für industrielle Robotik, um Roboter einfacher programmierbar zu machen, ein Unternehmen von Alphabet.","Développe des logiciels de robotique industrielle pour simplifier la programmation des robots, une filiale d'Alphabet.","Sviluppa software di robotica industriale per rendere i robot più facili da programmare, un'azienda di Alphabet."
isomorphic-labs,Alphabet-backed drug discovery company using AI to accelerate the design of life-changing medicines.,"Von Alphabet unterstütztes Unternehmen für Arzneimittelentwicklung, das KI zur Beschleunigung der Medikamentenforschung einsetzt.","Entreprise de découverte de médicaments soutenue par Alphabet, utilisant l'IA pour accélérer la conception de traitements innovants.",Azienda di scoperta farmaceutica sostenuta da Alphabet che utilizza l'IA per accelerare lo sviluppo di farmaci innovativi.
jetbrains,Developer tools company creating IDEs and programming productivity software,Entwicklertools-Unternehmen für IDEs und Programmierproduktivitätssoftware,Entreprise d'outils de développement créant des IDE et des logiciels de productivité pour programmeurs,Azienda di strumenti per sviluppatori che crea IDE e software di produttività per la programmazione
johnson-and-johnson,"Global healthcare company developing pharmaceuticals, medical devices, and consumer health products to improve health and well-being worldwide.","Globales Gesundheitsunternehmen, das Arzneimittel, Medizintechnik und Gesundheitsprodukte entwickelt, um die Gesundheit und das Wohlbefinden weltweit zu verbessern.","Entreprise mondiale de santé développant des produits pharmaceutiques, des dispositifs médicaux et des produits de santé grand public pour améliorer la santé et le bien-être dans le monde entier.","Azienda sanitaria globale che sviluppa prodotti farmaceutici, dispositivi medici e prodotti per la salute dei consumatori per migliorare la salute e il benessere in tutto il mondo."
julius-baer,Swiss private banking and wealth management group,Schweizer Privatbank- und Vermögensverwaltungsgruppe,Groupe suisse de banque privée et de gestion de patrimoine,Gruppo svizzero di private banking e gestione patrimoniale
kaiko-ai,Kaiko is a clinical AI company that builds intelligent assistants to support healthcare teams across the full patient care journey.,"Kaiko ist ein Clinical-AI-Unternehmen, das intelligente Assistenten entwickelt, um Gesundheitsteams über den gesamten Behandlungspfad hinweg zu unterstützen.",Kaiko est une entreprise d'IA clinique qui développe des assistants intelligents pour accompagner les équipes soignantes tout au long du parcours de soins.,Kaiko è un'azienda di intelligenza artificiale clinica che sviluppa assistenti intelligenti per supportare i team sanitari lungo l'intero percorso di cura del paziente.
kayak,"Travel search engine that compares flights, hotels, and rental cars across hundreds of booking sites to find the best deals.","Reisesuchmaschine, die Flüge, Hotels und Mietwagen auf hunderten Buchungsseiten vergleicht, um die besten Angebote zu finden.","Moteur de recherche de voyages comparant vols, hôtels et locations de voitures sur des centaines de sites pour trouver les meilleures offres.","Motore di ricerca viaggi che confronta voli, hotel e auto a noleggio su centinaia di siti di prenotazione per trovare le migliori offerte."
klarna,"Klarna is a Swedish fintech company that provides online payment solutions including buy now, pay later services, direct payments, and post-purchase financing for consumers and merchants worldwide.","Klarna ist ein schwedisches Fintech-Unternehmen, das Online-Zahlungslösungen anbietet, darunter Kauf auf Rechnung, Sofortzahlung und Ratenzahlung für Verbraucher und Händler weltweit.","Klarna est une entreprise fintech suédoise qui propose des solutions de paiement en ligne, notamment le paiement différé, le paiement immédiat et le financement après achat pour les consommateurs et les commerçants du monde entier.","Klarna è un'azienda fintech svedese che offre soluzioni di pagamento online, tra cui pagamento posticipato, pagamento immediato e finanziamento post-acquisto per consumatori e commercianti in tutto il mondo."
kodland,Online coding and design school for children aged 5-17,Online-Programmier- und Designschule für Kinder von 5 bis 17 Jahren,École en ligne de programmation et de design pour les enfants de 5 à 17 ans,Scuola online di programmazione e design per bambini dai 5 ai 17 anni
kpmg,"Professional services firm providing audit, tax, and advisory services","Wirtschaftsprüfungs- und Beratungsunternehmen für Audit, Steuern und Beratung","Cabinet de services professionnels fournissant audit, fiscalité et conseil","Società di servizi professionali che fornisce audit, fiscalità e consulenza"
kraken,Cryptocurrency exchange platform for trading digital assets,Kryptowährungsbörse für den Handel mit digitalen Vermögenswerten,Plateforme d'échange de cryptomonnaies pour le trading d'actifs numériques,Piattaforma di scambio di criptovalute per il trading di asset digitali
lakera,AI security platform protecting LLM-powered applications,KI-Sicherheitsplattform zum Schutz von LLM-basierten Anwendungen,Plateforme de sécurité IA protégeant les applications basées sur les LLM,Piattaforma di sicurezza IA per la protezione di applicazioni basate su LLM
latticeflow,"LatticeFlow AI is a Swiss AI governance platform that helps organizations discover, evaluate, and mitigate risks in AI systems.","LatticeFlow AI ist eine Schweizer KI-Governance-Plattform, die Organisationen hilft, Risiken in KI-Systemen zu erkennen, zu bewerten und zu minimieren.","LatticeFlow AI est une plateforme suisse de gouvernance de l'IA qui aide les organisations à découvrir, évaluer et atténuer les risques liés aux systèmes d'IA.","LatticeFlow AI è una piattaforma svizzera di governance dell'IA che aiuta le organizzazioni a scoprire, valutare e mitigare i rischi nei sistemi di intelligenza artificiale."
lightly,Improve machine learning models by pretraining them on your data and curating vision data for fine-tuning.,"Lightly entwickelt KI-gestützte Tools zur Datenkuratierung und Vortrainierung, die maschinelle Lernmodelle durch intelligente Datenauswahl für Computer-Vision-Anwendungen verbessern.","Lightly développe des outils d'IA pour la curation de données et le pré-entraînement, améliorant les modèles d'apprentissage automatique grâce à une sélection intelligente des données pour les applications de vision par ordinateur.","Lightly sviluppa strumenti di intelligenza artificiale per la curazione dei dati e il pre-addestramento, migliorando i modelli di apprendimento automatico attraverso una selezione intelligente dei dati per applicazioni di visione artificiale."
lightpanda,Open-source headless browser built for AI and automation,Open-Source-Headless-Browser für KI und Automatisierung,Navigateur headless open source conçu pour l'IA et l'automatisation,Browser headless open source progettato per IA e automazione
lightricks,"Creates AI-powered tools for photo and video editing, known for apps like Facetune and LTX Studio.","Entwickelt KI-gestützte Werkzeuge für Foto- und Videobearbeitung, bekannt für Apps wie Facetune und LTX Studio.","Crée des outils d'édition photo et vidéo basés sur l'IA, connus pour des applications comme Facetune et LTX Studio.","Crea strumenti basati sull'IA per il fotoritocco e il montaggio video, noti per app come Facetune e LTX Studio."
logitech,"Computer peripherals and accessories maker designing products for personal and professional use, including mice, keyboards, webcams, and headsets.","Hersteller von Computerperipherie und Zubehör für den privaten und professionellen Einsatz, darunter Mäuse, Tastaturen, Webcams und Headsets.","Fabricant de périphériques et accessoires informatiques pour un usage personnel et professionnel, notamment des souris, claviers, webcams et casques.","Produttore di periferiche e accessori per computer per uso personale e professionale, tra cui mouse, tastiere, webcam e cuffie."
luxoft,Global IT services and consulting company,Globales IT-Dienstleistungs- und Beratungsunternehmen,Entreprise mondiale de services informatiques et de conseil,Azienda globale di servizi IT e consulenza
lyceum,European GPU cloud platform for AI training and inference,Europäische GPU-Cloud-Plattform für KI-Training und -Inferenz,Plateforme cloud GPU européenne pour l'entraînement et l'inférence d'IA,Piattaforma cloud GPU europea per l'addestramento e l'inferenza di IA
mayflower,"Technology company building innovative products for live entertainment and gaming, bringing new experiences to audiences worldwide.","Technologieunternehmen, das innovative Produkte fuer Live-Unterhaltung und Gaming entwickelt und weltweit neue Erlebnisse schafft.","Entreprise technologique qui developpe des produits innovants pour le divertissement en direct et le gaming, creant de nouvelles experiences pour les publics du monde entier.","Azienda tecnologica che sviluppa prodotti innovativi per intrattenimento dal vivo e gaming, offrendo nuove esperienze al pubblico di tutto il mondo."
mckinsey,Global management consulting firm,Globale Unternehmensberatung,Cabinet mondial de conseil en management,Società globale di consulenza manageriale
mentiora-ai,"Deploy CX agents with a platform that ensures they stay on-brand, on-policy and continuously improving. Enterprise-grade safety, measurable quality impact.","Mentiora AI entwickelt zuverlässige KI-Agenten für Vertrieb und Kundensupport in Unternehmen, mit Fokus auf Markentreue und Richtlinienkonformität.","Mentiora AI développe des agents IA fiables pour la vente et le support client en entreprise, en garantissant le respect de la marque et des politiques.","Mentiora AI sviluppa agenti IA affidabili per la vendita e l'assistenza clienti aziendali, garantendo conformità al brand e alle policy."
meta,Social technology company building products for connecting people and immersive experiences,Social-Technology-Unternehmen für Produkte zur Vernetzung und immersive Erlebnisse,Entreprise de technologie sociale développant des produits pour connecter les gens et des expériences immersives,Azienda di tecnologia sociale che sviluppa prodotti per connettere le persone e esperienze immersive
microsoft,"Microsoft is a global technology company that develops software, hardware, and cloud services, known for products like Windows, Office, Azure, and Xbox.","Microsoft ist ein globales Technologieunternehmen, das Software, Hardware und Cloud-Dienste entwickelt und für Produkte wie Windows, Office, Azure und Xbox bekannt ist.","Microsoft est une entreprise technologique mondiale qui développe des logiciels, du matériel et des services cloud, connue pour des produits tels que Windows, Office, Azure et Xbox.","Microsoft è un'azienda tecnologica globale che sviluppa software, hardware e servizi cloud, nota per prodotti come Windows, Office, Azure e Xbox."
migros,"Migros is Switzerland's largest retail company and supermarket chain, offering groceries, household goods, and a wide range of services through its cooperative structure.","Migros ist das grösste Detailhandelsunternehmen und die grösste Supermarktkette der Schweiz und bietet Lebensmittel, Haushaltswaren und zahlreiche Dienstleistungen in genossenschaftlicher Struktur an.","Migros est la plus grande entreprise de commerce de détail et chaîne de supermarchés de Suisse, proposant des produits alimentaires, des articles ménagers et une large gamme de services au sein d'une structure coopérative.","Migros è la più grande azienda di vendita al dettaglio e catena di supermercati della Svizzera, che offre generi alimentari, articoli per la casa e un'ampia gamma di servizi attraverso la sua struttura cooperativa."
mimic,"Robotics company developing physical AI systems to automate tedious tasks in manufacturing and logistics, enabling scalable robot manipulation.","Robotikunternehmen, das physische KI-Systeme zur Automatisierung von Routineaufgaben in Fertigung und Logistik entwickelt und skalierbare Robotermanipulation ermoeglicht.",Entreprise de robotique developpant des systemes de IA physique pour automatiser les taches repetitives dans la fabrication et la logistique.,"Azienda di robotica che sviluppa sistemi di IA fisica per automatizzare compiti ripetitivi nella produzione e nella logistica, rendendo scalabile la manipolazione robotica."
miromind-ai,MiroMind is an AI research lab building open-source predictive large models and reasoning agents for complex tasks.,"MiroMind ist ein KI-Forschungslabor, das prädiktive Open-Source-Sprachmodelle und Reasoning-Agenten für komplexe Aufgaben entwickelt.",MiroMind est un laboratoire de recherche en IA qui développe des grands modèles prédictifs open source et des agents de raisonnement pour des tâches complexes.,MiroMind è un laboratorio di ricerca sull'IA che sviluppa grandi modelli predittivi open source e agenti di ragionamento per compiti complessi.
mistral-ai,French AI company developing open-weight large language models and enterprise AI solutions,"Französisches KI-Unternehmen, das offene grosse Sprachmodelle und KI-Lösungen für Unternehmen entwickelt",Entreprise francaise developpant des grands modeles de langage ouverts et des solutions IA pour entreprises,Azienda francese di intelligenza artificiale che sviluppa modelli linguistici aperti e soluzioni IA per imprese
modal,"Modal provides a serverless cloud platform for running compute-intensive workloads, enabling developers to deploy AI models, data pipelines, and GPU-accelerated code without managing infrastructure.","Modal bietet eine serverlose Cloud-Plattform fur rechenintensive Workloads, mit der Entwickler KI-Modelle, Datenpipelines und GPU-beschleunigten Code ohne Infrastrukturverwaltung bereitstellen konnen.","Modal propose une plateforme cloud serverless pour les charges de calcul intensif, permettant aux developpeurs de deployer des modeles d IA, des pipelines de donnees et du code accelere par GPU sans gerer d infrastructure.","Modal offre una piattaforma cloud serverless per carichi di lavoro ad alta intensita computazionale, consentendo agli sviluppatori di distribuire modelli di IA, pipeline di dati e codice accelerato da GPU senza gestire infrastrutture."
monzo,"UK-based digital bank offering mobile-first current accounts, savings, and financial management tools.","Britische Digitalbank mit mobilem Girokonto, Sparkonten und Tools zur Finanzverwaltung.","Banque numérique britannique proposant des comptes courants mobiles, de l’épargne et des outils de gestion financière.","Banca digitale britannica che offre conti correnti mobili, risparmi e strumenti di gestione finanziaria."
nabla,"Nabla develops AI-powered assistants for healthcare professionals, streamlining clinical documentation and restoring time for patient care.",Nabla entwickelt KI-gestützte Assistenten für medizinisches Fachpersonal zur Optimierung der klinischen Dokumentation und Entlastung im Praxisalltag.,"Nabla conçoit des assistants IA pour les professionnels de santé, simplifiant la documentation clinique et libérant du temps pour les soins aux patients.","Nabla sviluppa assistenti IA per i professionisti sanitari, semplificando la documentazione clinica e restituendo tempo alla cura dei pazienti."
nauticus-robotics,"Nauticus Robotics develops intelligent, sustainable ocean technology for energy, aquaculture and security applications. Visit to learn more. Nauticus Robotics develops intelligent, sustainable underwater robotics ocean technology for energy, aquaculture and security applications. Visit to learn more.","Nauticus Robotics entwickelt intelligente, nachhaltige Ozeantechnologie für Energie-, Aquakultur- und Sicherheitsanwendungen.","Nauticus Robotics développe des technologies océaniques intelligentes et durables pour les secteurs de l'énergie, de l'aquaculture et de la sécurité.","Nauticus Robotics sviluppa tecnologie oceaniche intelligenti e sostenibili per applicazioni nei settori dell'energia, dell'acquacoltura e della sicurezza."
nebius,"AI infrastructure company providing cloud computing, GPU clusters, and tools for building and running AI models.","KI-Infrastrukturunternehmen mit Cloud-Computing, GPU-Clustern und Werkzeugen zum Erstellen und Betreiben von KI-Modellen.","Entreprise d’infrastructure IA proposant du cloud computing, des clusters GPU et des outils pour créer et exécuter des modèles d’IA.","Azienda di infrastruttura IA che offre cloud computing, cluster GPU e strumenti per creare ed eseguire modelli di intelligenza artificiale."
nec-laboratories,"NEC Laboratories Europe is an industrial research lab advancing AI, machine learning, and data science for real-world applications.","NEC Laboratories Europe ist ein industrielles Forschungslabor, das KI, maschinelles Lernen und Datenwissenschaft für praxisnahe Anwendungen vorantreibt.","NEC Laboratories Europe est un laboratoire de recherche industrielle qui fait progresser l'IA, l'apprentissage automatique et la science des données pour des applications concrètes.","NEC Laboratories Europe è un laboratorio di ricerca industriale che promuove IA, machine learning e data science per applicazioni reali."
nestle,"Nestlé is a Swiss multinational food and beverage company and the world's largest food company by revenue, producing a wide range of products including baby food, bottled water, cereals, chocolate, coffee, dairy products, and pet food.","Nestlé ist ein Schweizer multinationaler Nahrungsmittel- und Getränkekonzern und das weltweit grösste Lebensmittelunternehmen nach Umsatz, das eine breite Palette von Produkten herstellt, darunter Babynahrung, Flaschenwasser, Cerealien, Schokolade, Kaffee, Milchprodukte und Tiernahrung.","Nestlé est une multinationale suisse du secteur agroalimentaire et la plus grande entreprise alimentaire au monde en termes de chiffre d'affaires, produisant une large gamme de produits dont des aliments pour bébés, de l'eau en bouteille, des céréales, du chocolat, du café, des produits laitiers et des aliments pour animaux.","Nestlé è una multinazionale svizzera del settore alimentare e delle bevande e la più grande azienda alimentare al mondo per fatturato, che produce un'ampia gamma di prodotti tra cui alimenti per neonati, acqua in bottiglia, cereali, cioccolato, caffè, latticini e alimenti per animali."
netflix,"Global streaming entertainment service offering a wide library of films, series, documentaries, and games across 190+ countries.","Globaler Streaming-Unterhaltungsdienst mit einer umfangreichen Bibliothek an Filmen, Serien, Dokumentationen und Spielen in über 190 Ländern.","Service mondial de divertissement en streaming proposant une vaste bibliothèque de films, séries, documentaires et jeux dans plus de 190 pays.","Servizio globale di intrattenimento in streaming che offre un'ampia libreria di film, serie, documentari e giochi in oltre 190 paesi."
neural-concept,Neural Concept develops AI-powered simulation software that accelerates engineering design and product development using deep learning.,"Neural Concept entwickelt KI-gestützte Simulationssoftware, die das Engineering-Design und die Produktentwicklung mithilfe von Deep Learning beschleunigt.",Neural Concept développe des logiciels de simulation basés sur l'IA qui accélèrent la conception et le développement de produits grâce au deep learning.,Neural Concept sviluppa software di simulazione basato sull'IA che accelera la progettazione ingegneristica e lo sviluppo di prodotti tramite il deep learning.
nexthink,Digital employee experience management platform,Plattform für digitales Employee Experience Management,Plateforme de gestion de l'expérience numérique des employés,Piattaforma di gestione dell'esperienza digitale dei dipendenti
nikon,"Nikon is a global leader in optical and imaging technology, manufacturing cameras, lenses, microscopes, and precision instruments.","Nikon ist ein weltweit führendes Unternehmen für optische und bildgebende Technologie und stellt Kameras, Objektive, Mikroskope und Präzisionsinstrumente her.","Nikon est un leader mondial de la technologie optique et de l'imagerie, fabriquant des appareils photo, des objectifs, des microscopes et des instruments de précision.","Nikon è un leader globale nella tecnologia ottica e di imaging, producendo fotocamere, obiettivi, microscopi e strumenti di precisione."
notion,"All-in-one workspace for notes, docs, project management, and AI","All-in-One-Workspace für Notizen, Dokumente, Projektmanagement und KI","Espace de travail tout-en-un pour notes, documents, gestion de projet et IA","Workspace all-in-one per note, documenti, gestione progetti e IA"
novartis,"Novartis is a global pharmaceutical company that researches, develops, and manufactures medicines and treatments for a wide range of diseases.","Novartis ist ein globales Pharmaunternehmen, das Arzneimittel und Therapien für eine Vielzahl von Krankheiten erforscht, entwickelt und herstellt.","Novartis est une entreprise pharmaceutique mondiale qui recherche, développe et fabrique des médicaments et traitements pour un large éventail de maladies.","Novartis e un azienda farmaceutica globale che ricerca, sviluppa e produce farmaci e terapie per una vasta gamma di malattie."
nscale,"Builds scalable AI cloud infrastructure, offering GPU compute and platform services for machine learning workloads.",Entwickelt skalierbare KI-Cloud-Infrastruktur mit GPU-Rechenleistung und Plattformdiensten für maschinelles Lernen.,Construit une infrastructure cloud IA avec des services GPU et une plateforme pour les charges de travail en apprentissage automatique.,Sviluppa infrastruttura cloud IA scalabile con servizi GPU e una piattaforma per carichi di lavoro di apprendimento automatico.
nvidia,"Semiconductor company designing GPUs and accelerated computing platforms for gaming, AI, and data centers","Halbleiterhersteller für Grafikprozessoren und Plattformen für beschleunigtes Rechnen in den Bereichen Gaming, KI und Rechenzentren","Fabricant de semiconducteurs concevant des GPU et des plateformes de calcul accéléré pour le gaming, l'IA et les centres de données","Produttore di semiconduttori che progetta GPU e piattaforme di calcolo accelerato per gaming, intelligenza artificiale e data center"
omnilex,Omnilex is a Zurich-based legaltech company that provides an AI-powered legal research platform for lawyers and legal teams.,"Omnilex ist ein in Zürich ansässiges Legaltech-Unternehmen, das eine KI-gestützte Rechtsrecherche-Plattform für Anwälte und Rechtsteams anbietet.",Omnilex est une entreprise legaltech basée à Zurich qui propose une plateforme de recherche juridique alimentée par l'IA pour les avocats et les équipes juridiques.,Omnilex è un'azienda legaltech con sede a Zurigo che offre una piattaforma di ricerca giuridica basata sull'intelligenza artificiale per avvocati e team legali.
on-running,Swiss performance running brand designing innovative shoes and sportswear with patented CloudTec cushioning technology.,"Schweizer Laufsportmarke, die innovative Schuhe und Sportbekleidung mit der patentierten CloudTec-Dämpfungstechnologie entwickelt.",Marque suisse de course à pied concevant des chaussures et des vêtements de sport innovants avec la technologie d'amorti brevetée CloudTec.,Marchio svizzero di corsa che progetta scarpe e abbigliamento sportivo innovativi con la tecnologia brevettata di ammortizzamento CloudTec.
openai,"OpenAI is an AI research company building general-purpose artificial intelligence systems, known for creating ChatGPT and the GPT series of large language models.","OpenAI ist ein KI-Forschungsunternehmen, das allgemeine kuenstliche Intelligenzsysteme entwickelt und fuer die Schaffung von ChatGPT und der GPT-Reihe grosser Sprachmodelle bekannt ist.","OpenAI est une entreprise de recherche en IA qui developpe des systemes d intelligence artificielle a usage general, connue pour avoir cree ChatGPT et la serie de grands modeles de langage GPT.","OpenAI e una societa di ricerca in IA che sviluppa sistemi di intelligenza artificiale di uso generale, nota per aver creato ChatGPT e la serie di grandi modelli linguistici GPT."
oracle,"Oracle is a global technology company that provides cloud computing, database management, and enterprise software solutions.","Oracle ist ein globales Technologieunternehmen, das Cloud-Computing, Datenbankmanagement und Unternehmenssoftwarelösungen anbietet.","Oracle est une entreprise technologique mondiale qui fournit des solutions de cloud computing, de gestion de bases de données et de logiciels d'entreprise.","Oracle è un'azienda tecnologica globale che offre soluzioni di cloud computing, gestione di database e software aziendale."
oxyle,Swiss cleantech company developing catalytic technology to permanently destroy PFAS contaminants in wastewater.,"Schweizer Cleantech-Unternehmen, das katalytische Technologie zur dauerhaften Zerstörung von PFAS-Schadstoffen im Abwasser entwickelt.",Entreprise suisse de cleantech développant une technologie catalytique pour éliminer définitivement les contaminants PFAS des eaux usées.,Azienda svizzera di cleantech che sviluppa tecnologia catalitica per distruggere permanentemente i contaminanti PFAS nelle acque reflue.
palta,"Health and well-being technology company building life-changing apps including Simple, Zing, and Flo.","Gesundheits- und Wellness-Technologieunternehmen, das lebensverändernde Apps wie Simple, Zing und Flo entwickelt.","Entreprise technologique de santé et de bien-être développant des applications révolutionnaires telles que Simple, Zing et Flo.","Azienda tecnologica per la salute e il benessere che sviluppa app rivoluzionarie come Simple, Zing e Flo."
patek-philippe,Swiss luxury watch manufacturer,Schweizer Luxusuhrenhersteller,Manufacture horlogère suisse de luxe,Produttore svizzero di orologi di lusso
peec-ai,"Peec AI provides AI search analytics tools that help marketing teams track and optimize their brand visibility across AI-powered search engines like ChatGPT, Perplexity, and Gemini.","Peec AI bietet KI-Suchanalyse-Tools, mit denen Marketing-Teams ihre Markensichtbarkeit in KI-gesteuerten Suchmaschinen wie ChatGPT, Perplexity und Gemini verfolgen und optimieren konnen.","Peec AI propose des outils d analyse de recherche IA qui aident les equipes marketing a suivre et optimiser la visibilite de leur marque sur les moteurs de recherche IA comme ChatGPT, Perplexity et Gemini.","Peec AI offre strumenti di analisi per la ricerca IA che aiutano i team di marketing a monitorare e ottimizzare la visibilita del brand sui motori di ricerca IA come ChatGPT, Perplexity e Gemini."
perplexity-ai,AI-powered answer engine and search platform,KI-gestützte Antwortmaschine und Suchplattform,Moteur de réponse et plateforme de recherche basés sur l'IA,Motore di risposte e piattaforma di ricerca basati sull'IA
philip-morris-international,Philip Morris International is a global company delivering a smoke-free future by developing and commercializing reduced-risk alternatives to cigarettes.,"Philip Morris International ist ein globales Unternehmen, das eine rauchfreie Zukunft gestaltet, indem es risikoreduzierte Alternativen zu Zigaretten entwickelt und vermarktet.",Philip Morris International est une entreprise mondiale qui œuvre pour un avenir sans fumée en développant et commercialisant des alternatives à risque réduit aux cigarettes.,Philip Morris International è un'azienda globale che costruisce un futuro senza fumo sviluppando e commercializzando alternative a rischio ridotto alle sigarette.
physical-intelligence,Physical Intelligence is a robotics AI company developing general-purpose robot learning systems that bring artificial intelligence into the physical world.,"Physical Intelligence ist ein Robotik-KI-Unternehmen, das universelle Roboter-Lernsysteme entwickelt, um kuenstliche Intelligenz in die physische Welt zu bringen.",Physical Intelligence est une entreprise de robotique IA qui developpe des systemes d apprentissage robotique a usage general pour integrer l intelligence artificielle dans le monde physique.,Physical Intelligence e una societa di robotica IA che sviluppa sistemi di apprendimento robotico di uso generale per portare l intelligenza artificiale nel mondo fisico.
pictet-group,"Pictet is a Swiss financial group specialising in wealth management, asset management, and asset servicing, founded in Geneva in 1805.","Pictet ist eine Schweizer Finanzgruppe, die sich auf Vermögensverwaltung, Asset Management und Vermögensverwahrung spezialisiert hat und 1805 in Genf gegründet wurde.","Pictet est un groupe financier suisse spécialisé dans la gestion de patrimoine, la gestion d'actifs et les services aux actifs, fondé à Genève en 1805.","Pictet è un gruppo finanziario svizzero specializzato nella gestione patrimoniale, nella gestione degli investimenti e nei servizi di custodia, fondato a Ginevra nel 1805."
pinterest,Visual discovery and bookmarking platform for finding and saving creative ideas and inspiration.,Visuelle Entdeckungs- und Lesezeichen-Plattform zum Finden und Speichern kreativer Ideen und Inspirationen.,Plateforme visuelle de découverte et de partage pour trouver et sauvegarder des idées créatives et de l'inspiration.,Piattaforma visiva di scoperta e raccolta per trovare e salvare idee creative e ispirazione.
plaid,Financial data connectivity platform linking consumer bank accounts to fintech applications,"Plattform für Finanzdatenanbindung, die Bankkonten mit Fintech-Anwendungen verbindet",Plateforme de connectivité financière reliant les comptes bancaires aux applications fintech,Piattaforma di connettività finanziaria che collega i conti bancari alle applicazioni fintech
playkot,Mobile game development studio,Entwicklungsstudio für mobile Spiele,Studio de développement de jeux mobiles,Studio di sviluppo di giochi per dispositivi mobili
playnvoice,AI-powered medical transcription for clinical documentation,KI-gestützte medizinische Transkription für klinische Dokumentation,Transcription médicale basée sur l'IA pour la documentation clinique,Trascrizione medica basata sull'IA per la documentazione clinica
playrix,Mobile game developer known for Gardenscapes and Homescapes,Mobilspielentwickler bekannt für Gardenscapes und Homescapes,Développeur de jeux mobiles connu pour Gardenscapes et Homescapes,Sviluppatore di giochi mobili noto per Gardenscapes e Homescapes
poolside,"Poolside is an AI company building foundation models for software engineering, developing code generation technology to automate and accelerate software development workflows.","Poolside ist ein KI-Unternehmen, das Grundlagenmodelle fuer Software-Engineering entwickelt und Codegenerierungstechnologie zur Automatisierung und Beschleunigung von Softwareentwicklungs-Workflows baut.","Poolside est une entreprise IA qui developpe des modeles fondamentaux pour le genie logiciel, creant une technologie de generation de code pour automatiser et accelerer les flux de developpement logiciel.","Poolside e una societa IA che sviluppa modelli fondazionali per il software engineering, creando tecnologia di generazione di codice per automatizzare e accelerare i flussi di sviluppo software."
proton,"Privacy-focused technology company offering encrypted email, VPN, and cloud storage","Datenschutzorientiertes Technologieunternehmen für verschlüsselte E-Mail, VPN und Cloud-Speicher","Entreprise technologique axée sur la confidentialité offrant e-mail chiffré, VPN et stockage cloud","Azienda tecnologica focalizzata sulla privacy che offre e-mail crittografata, VPN e cloud storage"
pwc,"Professional services network providing audit, assurance, tax, and advisory services","Netzwerk für professionelle Dienstleistungen in Wirtschaftsprüfung, Steuerberatung und Unternehmensberatung","Réseau de services professionnels fournissant audit, assurance, fiscalité et conseil","Rete di servizi professionali che fornisce audit, assurance, fiscalità e consulenza"
reddit,"Reddit is a social media platform where millions of people gather in communities to share, discuss, and vote on content across a wide range of topics.","Reddit ist eine Social-Media-Plattform, auf der Millionen von Menschen in Communities zusammenkommen, um Inhalte zu einer Vielzahl von Themen zu teilen, zu diskutieren und darüber abzustimmen.","Reddit est une plateforme de médias sociaux où des millions de personnes se rassemblent en communautés pour partager, discuter et voter sur des contenus couvrant un large éventail de sujets.","Reddit è una piattaforma di social media dove milioni di persone si riuniscono in comunità per condividere, discutere e votare contenuti su una vasta gamma di argomenti."
relai,"Relai is a Swiss Bitcoin investment app that enables individuals and businesses to easily buy, sell, send, and hold Bitcoin.","Relai ist eine Schweizer Bitcoin-Investment-App, die es Privatpersonen und Unternehmen ermöglicht, Bitcoin einfach zu kaufen, verkaufen, senden und halten.","Relai est une application suisse d'investissement en Bitcoin qui permet aux particuliers et aux entreprises d'acheter, vendre, envoyer et détenir facilement des bitcoins.","Relai è un'app svizzera per investire in Bitcoin che consente a privati e aziende di acquistare, vendere, inviare e detenere Bitcoin in modo semplice."
reprisk,World’s most respected Data as a Service (DaaS) company for reputational risks and responsible business conduct.,"RepRisk ist ein führendes Data-as-a-Service-Unternehmen, das ESG-Risikodaten und -Analysen für Reputationsrisiken und verantwortungsvolles Geschäftsgebaren bereitstellt.",RepRisk est une entreprise leader de Data-as-a-Service qui fournit des données et des analyses ESG sur les risques réputationnels et la conduite responsable des entreprises.,RepRisk è un'azienda leader nel settore Data-as-a-Service che fornisce dati e analisi ESG sui rischi reputazionali e sulla condotta aziendale responsabile.
revolut,Digital banking and financial services super-app,Digitale Banking- und Finanzdienstleistungs-Super-App,Super-application bancaire numérique et de services financiers,Super-app di banking digitale e servizi finanziari
rivr,Autonomous delivery robots for last-mile logistics,Autonome Lieferroboter für die letzte Meile der Logistik,Robots de livraison autonomes pour la logistique du dernier kilomètre,Robot di consegna autonomi per la logistica dell'ultimo miglio
roche,Roche is a global pharmaceutical and diagnostics company that develops medicines and diagnostic tests to advance personalized healthcare.,"Roche ist ein globales Pharma- und Diagnostikunternehmen, das Medikamente und diagnostische Tests zur Weiterentwicklung personalisierter Medizin entwickelt.",Roche est une entreprise pharmaceutique et de diagnostic mondiale qui développe des médicaments et des tests diagnostiques pour faire progresser la médecine personnalisée.,Roche e un azienda farmaceutica e diagnostica globale che sviluppa farmaci e test diagnostici per promuovere la medicina personalizzata.
rolex,Swiss luxury watch manufacturer,Schweizer Luxusuhrenhersteller,Manufacture horlogère suisse de luxe,Produttore svizzero di orologi di lusso
salt,"Salt is a Swiss telecommunications provider offering mobile, internet, and TV services across Switzerland.","Salt ist ein Schweizer Telekommunikationsanbieter, der Mobil-, Internet- und TV-Dienste in der ganzen Schweiz anbietet.","Salt est un opérateur suisse de télécommunications proposant des services mobiles, internet et TV dans toute la Suisse.","Salt è un operatore svizzero di telecomunicazioni che offre servizi mobili, internet e TV in tutta la Svizzera."
samsung,"Samsung is a global technology company specializing in consumer electronics, semiconductors, and digital solutions.","Samsung ist ein globales Technologieunternehmen, das sich auf Unterhaltungselektronik, Halbleiter und digitale Lösungen spezialisiert hat.","Samsung est une entreprise technologique mondiale spécialisée dans l'électronique grand public, les semi-conducteurs et les solutions numériques.","Samsung è un'azienda tecnologica globale specializzata in elettronica di consumo, semiconduttori e soluzioni digitali."
sbb,"SBB CFF FFS is the national railway company of Switzerland, providing passenger and freight rail services across the country and internationally.",SBB CFF FFS ist die nationale Eisenbahngesellschaft der Schweiz und bietet Personen- und Güterverkehr im In- und Ausland an.,"Les CFF sont la compagnie ferroviaire nationale suisse, assurant le transport de voyageurs et de marchandises à travers le pays et à l'international.","Le FFS sono la compagnia ferroviaria nazionale svizzera, che offre servizi di trasporto passeggeri e merci in tutto il paese e a livello internazionale."
scandit,"Enterprise smart data capture platform specializing in barcode scanning, ID verification, and shelf intelligence solutions.","Plattform zur intelligenten Datenerfassung mit Barcode-Scanning, ID-Verifizierung und Regalintelligenz-Lösungen.","Plateforme de capture de données intelligente pour la lecture de codes-barres, la vérification d’identité et la gestion des rayons.","Piattaforma di acquisizione dati intelligente specializzata in scansione codici a barre, verifica di identità e analisi degli scaffali."
semrush,Online visibility management and digital marketing SaaS platform,SaaS-Plattform für Online-Sichtbarkeitsmanagement und digitales Marketing,Plateforme SaaS de gestion de la visibilité en ligne et de marketing digital,Piattaforma SaaS per la gestione della visibilità online e il marketing digitale
seprify,Develops cellulose-based functional materials as sustainable alternatives to titanium dioxide and fossil-derived polymers for industrial applications.,Entwickelt zellulosebasierte Funktionsmaterialien als nachhaltige Alternativen zu Titandioxid und fossilen Polymeren für industrielle Anwendungen.,Développe des matériaux fonctionnels à base de cellulose comme alternatives durables au dioxyde de titane et aux polymères d'origine fossile pour des applications industrielles.,Sviluppa materiali funzionali a base di cellulosa come alternative sostenibili al biossido di titanio e ai polimeri di origine fossile per applicazioni industriali.
servers-com,Bare metal and cloud hosting infrastructure provider,Anbieter von Bare-Metal- und Cloud-Hosting-Infrastruktur,Fournisseur d'infrastructure d'hébergement bare metal et cloud,Fornitore di infrastruttura di hosting bare metal e cloud
smallpdf,"Smallpdf - the platform that makes it super easy to convert and edit all your PDF files. Solving all your PDF problems in one place - and yes, free.","Smallpdf ist eine Plattform, die es einfach macht, PDF-Dateien zu konvertieren, zu bearbeiten und zu verwalten.","Smallpdf est une plateforme qui permet de convertir, modifier et gérer facilement des fichiers PDF.","Smallpdf è una piattaforma che rende semplice convertire, modificare e gestire file PDF."
snap,"Camera and social media company behind Snapchat, Spectacles, and an augmented reality platform connecting people through visual communication.","Kamera- und Social-Media-Unternehmen hinter Snapchat, Spectacles und einer Augmented-Reality-Plattform, die Menschen durch visuelle Kommunikation verbindet.","Entreprise de photo et de médias sociaux à l'origine de Snapchat, Spectacles et d'une plateforme de réalité augmentée qui connecte les gens par la communication visuelle.","Azienda di fotocamere e social media dietro Snapchat, Spectacles e una piattaforma di realtà aumentata che connette le persone attraverso la comunicazione visiva."
snyk,"Developer security platform for finding and fixing vulnerabilities in code, dependencies, containers, and infrastructure as code.","Entwickler-Sicherheitsplattform zum Erkennen und Beheben von Schwachstellen in Code, Abhängigkeiten, Containern und Infrastructure as Code.","Plateforme de securite pour les developpeurs permettant de detecter et corriger les vulnerabilites dans le code, les dependances, les conteneurs et l infrastructure as code.","Piattaforma di sicurezza per sviluppatori per individuare e correggere vulnerabilita nel codice, nelle dipendenze, nei container e nell infrastruttura come codice."
sonarsource,Code quality and security analysis platform,Plattform für Codequalität und Sicherheitsanalyse,Plateforme d'analyse de la qualité et de la sécurité du code,Piattaforma di analisi della qualità e della sicurezza del codice
sony,"Electronics, gaming, entertainment, and financial services conglomerate producing consumer devices, game consoles, and media content","Elektronik-, Gaming-, Unterhaltungs- und Finanzdienstleistungskonzern mit Unterhaltungselektronik, Spielkonsolen und Medieninhalten","Conglomérat actif dans les domaines de l'électronique, du jeu vidéo, du divertissement et des services financiers","Conglomerato attivo in elettronica, gaming, intrattenimento e servizi finanziari con dispositivi, console e contenuti multimediali"
specitec,Software platform for private banking credit and compliance workflows,Softwareplattform für Kredit- und Compliance-Workflows im Private Banking,Plateforme logicielle pour les workflows de crédit et de conformité en banque privée,Piattaforma software per i flussi di lavoro di credito e compliance nel private banking
stripe,Financial infrastructure platform for internet businesses,Finanzinfrastrukturplattform für Internetunternehmen,Plateforme d'infrastructure financière pour les entreprises en ligne,Piattaforma di infrastruttura finanziaria per le aziende su internet
swisscom,"Swiss telecommunications provider offering mobile, internet, and TV services","Schweizer Telekommunikationsanbieter für Mobilfunk, Internet und TV","Opérateur de télécommunications suisse proposant mobile, internet et services TV","Operatore di telecomunicazioni svizzero che offre servizi mobili, internet e TV"
swissquote-bank,Swiss online bank and trading platform,Schweizer Onlinebank und Handelsplattform,Banque en ligne et plateforme de trading suisse,Banca online e piattaforma di trading svizzera
tether,"Cryptocurrency company behind the USDT stablecoin, providing blockchain infrastructure and digital asset technology for the global financial ecosystem.","Kryptowährungsunternehmen hinter dem Stablecoin USDT, das Blockchain-Infrastruktur und digitale Vermögenswert-Technologie für das globale Finanzsystem bereitstellt.","Entreprise de cryptomonnaie, createur du stablecoin USDT, fournissant une infrastructure blockchain et des technologies pour le systeme financier mondial.","Azienda di criptovalute creatrice dello stablecoin USDT, che fornisce infrastruttura blockchain e tecnologie per gli asset digitali nel sistema finanziario globale."
tethys-robotics,Underwater inspection and monitoring robotics,Unterwasserinspektions- und Überwachungsrobotik,Robotique d'inspection et de surveillance sous-marine,Robotica per l'ispezione e il monitoraggio subacqueo
thomson-reuters,"Thomson Reuters provides professional information services for legal, tax, accounting, and compliance professionals worldwide.","Thomson Reuters bietet professionelle Informationsdienste für Fachleute in den Bereichen Recht, Steuern, Rechnungswesen und Compliance weltweit.","Thomson Reuters fournit des services d’information professionnels pour les experts en droit, fiscalité, comptabilité et conformité dans le monde entier.","Thomson Reuters fornisce servizi di informazione professionale per esperti di diritto, fisco, contabilità e conformità in tutto il mondo."
toloka,AI data labeling and annotation platform,KI-Datenlabeling- und Annotationsplattform,Plateforme d'étiquetage et d'annotation de données pour l'IA,Piattaforma di etichettatura e annotazione dati per l'IA
tracebit,Tracebit deploys intelligent decoys and canary resources across cloud environments to detect breaches and unauthorized access in real time.,"Tracebit setzt intelligente Koder und Canary-Ressourcen in Cloud-Umgebungen ein, um Sicherheitsverletzungen und unbefugten Zugriff in Echtzeit zu erkennen.",Tracebit deploie des leurres intelligents et des ressources canaris dans les environnements cloud pour detecter les intrusions et les acces non autorises en temps reel.,Tracebit distribuisce esche intelligenti e risorse canary negli ambienti cloud per rilevare violazioni e accessi non autorizzati in tempo reale.
twine,"Twine is an AI-powered cybersecurity company specializing in identity security, offering an AI digital employee that automates identity and access management tasks.","Twine ist ein KI-gestuetztes Cybersicherheitsunternehmen, das auf Identitaetssicherheit spezialisiert ist und einen digitalen KI-Mitarbeiter zur Automatisierung von Identitaets- und Zugriffsmanagement-Aufgaben anbietet.","Twine est une entreprise de cybersecurite alimentee par IA, specialisee dans la securite des identites, proposant un employe numerique IA qui automatise la gestion des identites et des acces.","Twine e una societa di cybersicurezza basata su IA, specializzata nella sicurezza delle identita, che offre un dipendente digitale IA per automatizzare la gestione delle identita e degli accessi."
twitch,Live streaming platform for gaming and entertainment content,Live-Streaming-Plattform für Gaming- und Unterhaltungsinhalte,Plateforme de streaming en direct pour le gaming et le divertissement,Piattaforma di streaming live per contenuti gaming e di intrattenimento
typewise,Enterprise-grade AI customer service platform that cuts handling time 50 %. Book a demo – Typewise.,"KI-gestützte Kundenservice-Plattform für Unternehmen, die die Bearbeitungszeit um 50 % reduziert.",Plateforme IA de service client pour entreprises qui réduit le temps de traitement de 50 %.,Piattaforma IA per il servizio clienti aziendale che riduce i tempi di gestione del 50 %.
ubs,Leading universal bank in Switzerland with personal advice for individuals and companies. Come and join us - we are happy to give advice.,Führende Universalbank in der Schweiz mit persönlicher Beratung für Privatpersonen und Unternehmen sowie globalem Vermögensmanagement und Investmentbanking.,"Banque universelle de premier plan en Suisse, offrant des conseils personnalisés aux particuliers et aux entreprises ainsi que des services mondiaux de gestion de patrimoine et de banque d'investissement.","Banca universale leader in Svizzera con consulenza personalizzata per privati e aziende, nonché gestione patrimoniale globale e investment banking."
uniqlo,"Japanese casual wear designer, manufacturer, and retailer","Japanischer Designer, Hersteller und Einzelhändler für Freizeitkleidung","Créateur, fabricant et détaillant japonais de vêtements décontractés","Designer, produttore e rivenditore giapponese di abbigliamento casual"
universal-music,"Music company encompassing recording, publishing, merchandising, and digital distribution across global markets","Musikkonzern mit den Bereichen Aufnahme, Verlagswesen, Merchandising und digitalem Vertrieb auf globalen Märkten","Groupe musical couvrant enregistrement, édition, merchandising et distribution numérique sur les marchés internationaux","Gruppo musicale attivo nella registrazione, edizione, merchandising e distribuzione digitale sui mercati globali"
unlimit,Global payment infrastructure and processing platform,Globale Zahlungsinfrastruktur- und Verarbeitungsplattform,Plateforme mondiale d'infrastructure et de traitement des paiements,Piattaforma globale di infrastruttura e elaborazione dei pagamenti
upvest,"Upvest provides an Investment API that enables fintechs, neobanks, and digital platforms to embed securities trading, portfolio management, and wealth-building features into their applications.","Upvest stellt eine Investment-API bereit, mit der Fintechs, Neobanken und digitale Plattformen Wertpapierhandel, Portfolioverwaltung und Vermogensaufbau in ihre Anwendungen integrieren konnen.","Upvest fournit une API d investissement permettant aux fintechs, neobanques et plateformes numeriques d integrer le trading de titres, la gestion de portefeuille et l epargne dans leurs applications.","Upvest offre un API di investimento che consente a fintech, neobanche e piattaforme digitali di integrare il trading di titoli, la gestione del portafoglio e la crescita del patrimonio nelle loro applicazioni."
valtech,Digital transformation and experience design consultancy,Beratungsunternehmen für digitale Transformation und Experience Design,Cabinet de conseil en transformation digitale et design d'expérience,Società di consulenza per la trasformazione digitale e il design dell'esperienza
vercel,"Frontend cloud platform for deploying and hosting web applications, and creators of the Next.js framework.",Frontend-Cloud-Plattform für die Bereitstellung und das Hosting von Webanwendungen und Entwickler des Next.js-Frameworks.,"Plateforme cloud frontend pour le déploiement et l'hébergement d'applications web, et créateurs du framework Next.js.","Piattaforma cloud frontend per il deployment e l'hosting di applicazioni web, e creatori del framework Next.js."
vivid-money,Digital banking app for personal and business finance,Digitale Banking-App für persönliche und geschäftliche Finanzen,Application bancaire numérique pour les finances personnelles et professionnelles,App di banking digitale per la finanza personale e aziendale
warner-music,Global music entertainment company across recorded music and publishing,Globales Musikunterhaltungsunternehmen für Tonträger und Musikverlag,Entreprise mondiale de divertissement musical dans la musique enregistrée et l'édition,Azienda globale di intrattenimento musicale nel settore discografico e nell'editoria
wesort-ai,"WeSort.AI develops AI-powered sorting and analysis systems for the recycling industry, enabling precise identification and separation of valuable materials from waste streams.","WeSort.AI entwickelt KI-gestützte Sortier- und Analysesysteme für die Recyclingbranche, die eine präzise Erkennung und Trennung wertvoller Materialien aus Abfallströmen ermöglichen.","WeSort.AI développe des systèmes de tri et d'analyse basés sur l'IA pour l'industrie du recyclage, permettant l'identification et la séparation précises de matériaux valorisables dans les flux de déchets.","WeSort.AI sviluppa sistemi di smistamento e analisi basati sull'IA per l'industria del riciclaggio, consentendo l'identificazione e la separazione precisa di materiali preziosi dai flussi di rifiuti."
white-circle,AI safety company specializing in LLM vulnerability detection and stress testing,KI-Sicherheitsunternehmen spezialisiert auf LLM-Schwachstellenerkennung und Stresstests,Entreprise de sécurité IA spécialisée dans la détection de vulnérabilités des LLM et les tests de résistance,Azienda di sicurezza IA specializzata nel rilevamento di vulnerabilità dei LLM e stress testing
wise,International money transfer service offering low-cost cross-border payments and multi-currency accounts.,Internationaler Geldtransferdienst mit günstigen Auslandsüberweisungen und Mehrwährungskonten.,Service de transfert d’argent international proposant des virements transfrontaliers à faible coût et des comptes multidevises.,Servizio internazionale di trasferimento di denaro con pagamenti transfrontalieri a basso costo e conti multivaluta.
zalando,European online fashion and lifestyle retail platform,Europäische Online-Plattform für Mode und Lifestyle,Plateforme européenne de vente en ligne de mode et lifestyle,Piattaforma europea di vendita online di moda e lifestyle
